آذربایجان شرقی,آذرشهر,2,15
آذربایجان شرقی,آمند,1,33
آذربایجان شرقی,اسکو,2,74
آذربایجان شرقی,اهر,2,113
آذربایجان شرقی,ایلخچی,2,123
آذربایجان شرقی,ایلخی,2,124
آذربایجان شرقی,باسمنج,1,11
آذربایجان شرقی,بخشایش,2,31
آذربایجان شرقی,بستان آباد,1,45
آذربایجان شرقی,بناب,3,58
آذربایجان شرقی,تبریز,1,7
آذربایجان شرقی,ترکمنچای,1,11
آذربایجان شرقی,تسوج,1,13
آذربایجان شرقی,تیکمه داش,1,31
آذربایجان شرقی,جلفا,2,10
آذربایجان شرقی,خروانق,2,18
آذربایجان شرقی,خسروشهر,2,20
آذربایجان شرقی,خواجه,2,33
آذربایجان شرقی,دمیرچی,2,37
آذربایجان شرقی,دوزال,2,42
آذربایجان شرقی,زنجیره,1,17
آذربایجان شرقی,زنوز,1,18
آذربایجان شرقی,سراب,2,15
آذربایجان شرقی,سردرود,1,30
آذربایجان شرقی,سیس,1,87
آذربایجان شرقی,شبستر,1,13
آذربایجان شرقی,شربیان,1,14
آذربایجان شرقی,شرفخانه,1,15
آذربایجان شرقی,شندآباد,1,24
آذربایجان شرقی,صوفیان,1,14
آذربایجان شرقی,عجب شیر,2,5
آذربایجان شرقی,علمدار گرگر,2,10
آذربایجان شرقی,قره آغاج,2,11
آذربایجان شرقی,کشکسرای,1,27
آذربایجان شرقی,کلوانق,2,39
آذربایجان شرقی,کلیبر,2,41
آذربایجان شرقی,گوگان,2,35
آذربایجان شرقی,لیقوان,2,20
آذربایجان شرقی,مراغه,3,26
آذربایجان شرقی,مرند,2,34
آذربایجان شرقی,ملکان,3,59
آذربایجان شرقی,ممقان,2,60
آذربایجان شرقی,مهربان,2,73
آذربایجان شرقی,میانه,1,79
آذربایجان شرقی,نهند,2,45
آذربایجان شرقی,هادی شهر,2,1
آذربایجان شرقی,هریس,2,9
آذربایجان شرقی,هشترود,2,11
آذربایجان شرقی,هوراند,2,21
آذربایجان شرقی,ورزقان,2,6
آذربایجان شرقی,یامی,2,2
آذربایجان شرقی,یکان کهریز,2,6
آذربایجان غربی,آواجیق,1,34
آذربایجان غربی,ارومیه,2,62
آذربایجان غربی,اشنویه,2,85
آذربایجان غربی,بازرگان,1,10
آذربایجان غربی,بالو,2,24
آذربایجان غربی,بند,2,61
آذربایجان غربی,بوکان,3,95
آذربایجان غربی,پلدشت,2,13
آذربایجان غربی,پیرانشهر,1,17
آذربایجان غربی,تازه شهر,1,2
آذربایجان غربی,تکاب,3,17
آذربایجان غربی,خوی,1,43
آذربایجان غربی,رازی,1,6
آذربایجان غربی,ربط,1,17
آذربایجان غربی,رشکان,2,27
آذربایجان غربی,سرچشمه,1,24
آذربایجان غربی,سردشت,1,32
آذربایجان غربی,سرو,2,36
آذربایجان غربی,سلماس,1,54
آذربایجان غربی,سید تاج الدین,1,81
آذربایجان غربی,سیلاب,1,89
آذربایجان غربی,سیلوانا,2,90
آذربایجان غربی,سیه چشمه,1,93
آذربایجان غربی,شاهین دژ,3,10
آذربایجان غربی,شوط,2,27
آذربایجان غربی,فیرورق,1,38
آذربایجان غربی,قره ضیا الدین,2,12
آذربایجان غربی,قره قشلاق,1,13
آذربایجان غربی,قطور,1,25
آذربایجان غربی,قوشچی,2,37
آذربایجان غربی,کلوانس ,1,38
آذربایجان غربی,کلیسا کندی,1,42
آذربایجان غربی,کهریز,2,72
آذربایجان غربی,کوپر,1,56
آذربایجان غربی,کوزه رش,1,58
آذربایجان غربی,گنگچین,2,32
آذربایجان غربی,ماکو,1,5
آذربایجان غربی,محمد آباد,2,21
آذربایجان غربی,مهاباد,2,67
آذربایجان غربی,میاندوآب,3,77
آذربایجان غربی,نقده,2,23
آذربایجان غربی,نلاس,1,27
آذربایجان غربی,نوشین ,2,40
اردبیل,آبی بیگلو,2,12
اردبیل,اردبیل,2,51
اردبیل,اسلام آباد,2,76
اردبیل,اصلاندوز,2,87
اردبیل,اودلو,2,111
اردبیل,بیله سوار,2,120
اردبیل,پارس آباد,2,2
اردبیل,تازه کندی,2,3
اردبیل,جعفرآباد,2,6
اردبیل,خلخال,2,25
اردبیل,رضی,2,31
اردبیل,زیوه,2,28
اردبیل,سرعین,2,34
اردبیل,شیران,2,41
اردبیل,طالب قشلاقی,2,2
اردبیل,عنبران,2,16
اردبیل,فیروز آباد,1,39
اردبیل,کریق,2,26
اردبیل,کلور,1,40
اردبیل,گرمی,2,16
اردبیل,گیوی,2,45
اردبیل,لاهرود,2,10
اردبیل,مجید آباد,2,14
اردبیل,مرادلو,2,25
اردبیل,مشکین شهر,2,45
اردبیل,نمین,2,28
اردبیل,نیارق,2,46
اردبیل,نیر,2,47
اردبیل,هشتجین,1,10
اردبیل,هل آباد,2,15
اردبیل,هیر,2,24
اصفهان,آران و بیدگل,2,49
اصفهان,ابریشم,3,41
اصفهان,ابوزید آباد,3,42
اصفهان,ابیانه,2,45
اصفهان,اردستان,2,52
اصفهان,اسفرجان,2,71
اصفهان,اصفهان,3,86
اصفهان,انارک,3,105
اصفهان,ایمانشهر,3,125
اصفهان,بادرود,3,9
اصفهان,باغ بهادران,2,13
اصفهان,برف انبار,2,38
اصفهان,بهارانشهر,3,104
اصفهان,بهارستان,3,105
اصفهان,بوئین و میاندشت,2,90
اصفهان,پیربکران,3,18
اصفهان,تیران,3,29
اصفهان,جندق,2,14
اصفهان,جوشقان استرک,2,21
اصفهان,جوشقان وکامو,2,22
اصفهان,چادگان,2,3
اصفهان,چرمهین,2,10
اصفهان,چوپانان,3,31
اصفهان,حبیب آباد,3,4
اصفهان,حصه,3,13
اصفهان,حنا,2,18
اصفهان,خفر,2,24
اصفهان,خمینی شهر,3,30
اصفهان,خوانسار,3,36
اصفهان,خور,3,37
اصفهان,خوراسان,3,39
اصفهان,خورزوق,3,40
اصفهان,داران,2,2
اصفهان,داریان,2,3
اصفهان,دهاقان,2,48
اصفهان,دهق,3,54
اصفهان,دولت آباد,3,45
اصفهان,دیزیه,2,62
اصفهان,زاینده ود,2,8
اصفهان,زرین شهر,2,12
اصفهان,زقره,2,13
اصفهان,زواره,2,21
اصفهان,سده لنجان,2,13
اصفهان,سفید شهر,2,45
اصفهان,سمیرم,2,57
اصفهان,شاهین شهر,2,11
اصفهان,شهرضا,2,35
اصفهان,طالخونه,2,3
اصفهان,علویجه,3,11
اصفهان,فریدون شهر,2,27
اصفهان,فلاورجان,3,32
اصفهان,فولادشهر,3,35
اصفهان,قمصر,2,34
اصفهان,قهدریجان,3,39
اصفهان,کاشان,2,8
اصفهان,کرکوند,2,19
اصفهان,کلیشادوسورجان,3,43
اصفهان,کمه,2,45
اصفهان,کهرویه,2,71
اصفهان,کهریز سنگ,3,73
اصفهان,کوشک,3,59
اصفهان,کوهپایه,3,66
اصفهان,گلپایگان,3,22
اصفهان,گلشهر,3,24
اصفهان,گوگد,3,36
اصفهان,لایان,3,11
اصفهان,مبارکه,2,12
اصفهان,مردان,2,30
اصفهان,مشکات,2,43
اصفهان,مصیر,1,49
اصفهان,منظریه,2,62
اصفهان,نائین,2,1
اصفهان,نجف آباد,3,7
اصفهان,نصر آباد,3,16
اصفهان,نطنز,2,18
اصفهان,نوش آباد,2,38
اصفهان,هرند,3,8
اصفهان,ورزنه,3,7
اصفهان,ورنامخواست,2,8
البرز,اشتهارد,1,82
البرز,برغان,1,37
البرز,طالقان,1,4
البرز,فردیس,1,21
البرز,کرج,1,17
البرز,کمال شهر,1,44
البرز,کندر,1,50
البرز,کوهسار,1,69
البرز,گچسر,1,6
البرز,گرمدره,1,14
البرز,ماهدشت,1,9
البرز,محمد شهر,1,17
البرز,مشکین دشت,1,44
البرز,نظر آباد,1,19
البرز,هشتگرد,1,12
ایلام,آبدانان,3,8
ایلام,آسمان آباد ,3,23
ایلام,ارکواز ملک شاهی,3,58
ایلام,ایلام,3,122
ایلام,ایوان,3,127
ایلام,بدره,3,32
ایلام,بیشه دراز,3,119
ایلام,پهله,3,16
ایلام,چوار,3,29
ایلام,دره شهر,3,24
ایلام,دشت عباس,3,30
ایلام,دهلران,3,58
ایلام,سرآبله,3,14
ایلام,صالح آباد,3,3
ایلام,لومار,3,18
ایلام,مهران,3,72
ایلام,موسیان,3,66
بوشهر,آب پخش,2,2
بوشهر,آباد,2,3
بوشهر,آبدان,2,7
بوشهر,اهرم,2,114
بوشهر,برازجان,2,33
بوشهر,بردخون,2,34
بوشهر,بند گناوه,2,82
بوشهر,بندر دیر,2,65
بوشهر,بندر دیلم,2,66
بوشهر,بندر ریگ,2,77
بوشهر,بندر طاهری,2,78
بوشهر,بندر عسولیه,2,79
بوشهر,بندر کنان,2,68
بوشهر,بندر گناوه,2,69
بوشهر,بندر مقام,2,70
بوشهر,بنک,2,86
بوشهر,بوشکان,2,92
بوشهر,بوشهر,2,93
بوشهر,تنگ ارم,2,24
بوشهر,جم,2,11
بوشهر,چغادک,2,13
بوشهر,چهل فرعی,2,34
بوشهر,خارک,2,1
بوشهر,خارکو,2,2
بوشهر,خارگ,3,3
بوشهر,خورموج,2,41
بوشهر,دالکی,2,4
بوشهر,دلوار,2,34
بوشهر,ربز,2,47
بوشهر,رستمی,2,24
بوشهر,سعد آباد,2,42
بوشهر,شبانکاره,2,12
بوشهر,شنبه,2,23
بوشهر,شول,2,29
بوشهر,عالی حسینی,2,1
بوشهر,فاریاب,2,8
بوشهر,کاکی,2,11
بوشهر,کنگان,2,52
بوشهر,نخل تقی,2,9
بوشهر,وحدتیه,2,3
تهران,آبسرد,1,10
تهران,ارجمند,1,50
تهران,اسلامشهر,1,79
تهران,الارد,1,91
تهران,اندیشه,1,109
تهران,باقرشهر,1,22
تهران,بومهن,1,98
تهران,پاکدشت,2,5
تهران,پردیس,1,7
تهران,پیشوا,2,19
تهران,تهران,1,28
تهران,جواد آباد,2,16
تهران,چهاردانگه,1,33
تهران,چهل قز,1,35
تهران,حسن آباد,2,8
تهران,خاورشهر,1,9
تهران,دماوند,1,36
تهران,دیزین,1,61
تهران,رباط کریم,2,16
تهران,رودشور,2,39
تهران,رودهن,1,40
تهران,ری,1,45
تهران,سربندان,1,20
تهران,سعید آباد,1,43
تهران,سولقان,1,71
تهران,شاهدشهر,1,6
تهران,شریف آباد,2,16
تهران,شهر جدید پرند,2,34
تهران,شهریار,1,37
تهران,صالح آباد,1,6
تهران,صبا شهر,1,7
تهران,صفادشت,1,10
تهران,غنی آباد,1,1
تهران,فردوسیه,1,20
تهران,فرودگاه امام خمینی,2,23
تهران,فرون آباد,1,25
تهران,فشم,1,31
تهران,فیروزکوه,1,43
تهران,قدس,1,7
تهران,قرچک,2,8
تهران,قزل حصار,1,14
تهران,قلعه نو,2,31
تهران,کهریزک,1,74
تهران,کیلان,1,87
تهران,گرمابدر,1,12
تهران,گلستان,1,23
تهران,لواسان,1,16
تهران,مشاء,1,42
تهران,ملارد,1,56
تهران,نسیم شهر,1,13
تهران,واریش,1,1
تهران,وحیدیه,1,4
تهران,ورامین,2,5
تهران,وهن آباد,2,11
تهران,ویره,1,12
چهارمحال و بختیاری,آورگان,1,36
چهارمحال و بختیاری,اردل,1,55
چهارمحال و بختیاری,باباحیدر,1,2
چهارمحال و بختیاری,بروجن,2,42
چهارمحال و بختیاری,بلداجی,2,52
چهارمحال و بختیاری,بن,2,57
چهارمحال و بختیاری,بوکر,2,96
چهارمحال و بختیاری,جونقان,1,23
چهارمحال و بختیاری,چلگرد,1,16
چهارمحال و بختیاری,چمن گلی,2,21
چهارمحال و بختیاری,دستگرد,1,28
چهارمحال و بختیاری,دوراهان,2,40
چهارمحال و بختیاری,روستای سونک,2,42
چهارمحال و بختیاری,سامان,2,3
چهارمحال و بختیاری,سامن,2,4
چهارمحال و بختیاری,سرخون,2,28
چهارمحال و بختیاری,سفید دشت,2,44
چهارمحال و بختیاری,سودجان,1,63
چهارمحال و بختیاری,سورشجان,1,65
چهارمحال و بختیاری,شلمزار,1,21
چهارمحال و بختیاری,شهرکرد,2,36
چهارمحال و بختیاری,طاقانک,1,1
چهارمحال و بختیاری,فارسان,1,1
چهارمحال و بختیاری,فرادنبه,2,16
چهارمحال و بختیاری,فرخ شهر,2,18
چهارمحال و بختیاری,کوهرنگ,1,68
چهارمحال و بختیاری,کیان,2,84
چهارمحال و بختیاری,گندمان,2,31
چهارمحال و بختیاری,لردگان,2,12
چهارمحال و بختیاری,ناغان,1,3
چهارمحال و بختیاری,هفشجان,1,14
خراسان,درونه,2,21
خراسان,فریمان,2,29
خراسان جنوبی,اسدیه,2,68
خراسان جنوبی,اسلامیه,1,80
خراسان جنوبی,افین,1,88
خراسان جنوبی,ایسک,1,121
خراسان جنوبی,بسک آباد,1,48
خراسان جنوبی,بشرویه,2,49
خراسان جنوبی,بیرجند,2,116
خراسان جنوبی,تیغدر,2,30
خراسان جنوبی,حاجی آباد,1,3
خراسان جنوبی,خضری,1,23
خراسان جنوبی,خوسف,3,42
خراسان جنوبی,سده,2,11
خراسان جنوبی,سرایان,1,18
خراسان جنوبی,سرپیشه,2,22
خراسان جنوبی,سه قلعه,2,74
خراسان جنوبی,شاهرخت,1,8
خراسان جنوبی,فتح اباد,1,12
خراسان جنوبی,فردوس,1,19
خراسان جنوبی,قائن,1,3
خراسان جنوبی,کلات اعلم,1,31
خراسان جنوبی,کولی,1,63
خراسان جنوبی,گرماب,1,10
خراسان جنوبی,مرک,2,33
خراسان جنوبی,مود,2,64
خراسان جنوبی,موسویه,2,65
خراسان جنوبی,نهبندان,2,44
خراسان جنوبی,وندیک,1,10
خراسان رضوی,امام تقی,2,97
خراسان رضوی,امام قلی,1,98
خراسان رضوی,انابد,2,103
خراسان رضوی,باخزر,2,8
خراسان رضوی,باغستان,1,16
خراسان رضوی,بجستان,2,29
خراسان رضوی,بردسکن,2,35
خراسان رضوی,بنیاباد,1,87
خراسان رضوی,تایباد,2,6
خراسان رضوی,تربت جام,2,9
خراسان رضوی,تربت حیدریه,2,10
خراسان رضوی,جفتای,2,8
خراسان رضوی,جنگل,2,15
خراسان رضوی,چکنه,2,15
خراسان رضوی,چنار,2,22
خراسان رضوی,چناران,2,24
خراسان رضوی,خرو,2,17
خراسان رضوی,خلیل آباد,2,26
خراسان رضوی,خواف,2,35
خراسان رضوی,درخت توت,2,13
خراسان رضوی,دررود,2,15
خراسان رضوی,درگز,2,18
خراسان رضوی,دولت آباد,2,46
خراسان رضوی,رادکان,2,3
خراسان رضوی,رشتخوار,2,26
خراسان رضوی,ریوش,2,49
خراسان رضوی,سبزوار,2,7
خراسان رضوی,سرخس,2,26
خراسان رضوی,سلامی,2,48
خراسان رضوی,سلطان آباد,2,51
خراسان رضوی,سنگان,2,61
خراسان رضوی,شاندیز,2,4
خراسان رضوی,شعبه,2,18
خراسان رضوی,صالح آباد,2,4
خراسان رضوی,طبس,2,5
خراسان رضوی,طرق,2,8
خراسان رضوی,طرقبه,2,9
خراسان رضوی,عظیم آباد,2,8
خراسان رضوی,فارمد,2,4
خراسان رضوی,فدک,2,15
خراسان رضوی,فرهادرد,2,26
خراسان رضوی,فیروزه,2,44
خراسان رضوی,فیض آباد,2,45
خراسان رضوی,قاسم آباد,2,5
خراسان رضوی,قلعه خیابان,2,28
خراسان رضوی,قوچان,1,36
خراسان رضوی,کاخک,1,5
خراسان رضوی,کاریز,2,6
خراسان رضوی,کاشمر,2,9
خراسان رضوی,کدکن,2,16
خراسان رضوی,کلات,2,30
خراسان رضوی,کلات نادری,2,32
خراسان رضوی,کندر,2,1
خراسان رضوی,گرجی سفلی,2,8
خراسان رضوی,گناباد,2,27
خراسان رضوی,گنبدلی,2,30
خراسان رضوی,لائین نو,2,1
خراسان رضوی,مرزداران,2,31
خراسان رضوی,مشهد,2,47
خراسان رضوی,مشهد ریزه,2,48
خراسان رضوی,نشتیفان,2,14
خراسان رضوی,نصر آباد,2,15
خراسان رضوی,نقاب,2,22
خراسان رضوی,نوده,2,32
خراسان رضوی,نیشاپور,2,49
خراسان رضوی,نیل شهر,2,52
خراسان شمالی,آشخانه,2,25
خراسان شمالی,اسفراین,2,70
خراسان شمالی,بجنورد,2,30
خراسان شمالی,جاجرم,2,1
خراسان شمالی,چمن بید,2,20
خراسان شمالی,راز,1,4
خراسان شمالی,شوقان,2,28
خراسان شمالی,شیروان,1,43
خراسان شمالی,صفی آباد,2,12
خراسان شمالی,فاروج,1,5
خراسان شمالی,قزلقان,1,16
خراسان شمالی,کهنه جلگه,2,79
خراسان شمالی,گرمخان,1,13
خراسان شمالی,گیفان,1,42
خراسان شمالی,ناوه,1,4
خوزستان,آبادان,4,4
خوزستان,آغاجاری,2,26
خوزستان,اروند کنار,4,63
خوزستان,الهایی,3,95
خوزستان,الوان,3,93
خوزستان,امیدیه,2,100
خوزستان,اندیمشک,2,110
خوزستان,اهواز,3,115
خوزستان,ایذه,2,117
خوزستان,باغ ملک,2,14
خوزستان,باغملک,2,17
خوزستان,بستان,3,44
خوزستان,بندر امام خمینی,4,62
خوزستان,بندرماهشهر,4,84
خوزستان,بهبان,2,106
خوزستان,تشان,2,14
خوزستان,چمران,4,17
خوزستان,حر,3,6
خوزستان,حسینیه علیا,2,11
خوزستان,حمیدیه,3,16
خوزستان,خرمشهر,4,16
خوزستان,درخزینه,2,14
خوزستان,درویش آباد,3,22
خوزستان,دزآب,2,25
خوزستان,دزفول,2,27
خوزستان,دهدز,2,51
خوزستان,رامشیر,3,9
خوزستان,رامهرمز,2,10
خوزستان,سربندر,4,21
خوزستان,سردشت,2,31
خوزستان,سردشت زیدون,2,33
خوزستان,سلطان آباد,2,49
خوزستان,سوسنگرد,3,69
خوزستان,سویره,3,73
خوزستان,شادگان,4,1
خوزستان,شوش,3,25
خوزستان,شوشتر,2,26
خوزستان,شیبان,3,39
خوزستان,صیدون,2,16
خوزستان,عبدالخان,3,4
خوزستان,غیزانیه,3,3
خوزستان,قلعه تل,2,26
خوزستان,قلعه چنعان,3,27
خوزستان,گتوند,2,5
خوزستان,لالی,2,7
خوزستان,مسجد سلیمان,2,41
خوزستان,ملا ثانی,3,55
خوزستان,ملاشیه یک,3,57
خوزستان,میانرود,2,78
خوزستان,نفت سفید,2,21
خوزستان,هفتگل,2,13
خوزستان,هندیجان,3,18
خوزستان,هویزه,3,22
خوزستان,ویس,3,13
زنجان,آب بر,1,1
زنجان,ابهر,2,44
زنجان,ارمغان خانه,2,59
زنجان,اند آباد,2,107
زنجان,بوغداکندی,2,94
زنجان,حلب,2,14
زنجان,خدابنده,2,10
زنجان,خرم دره,2,14
زنجان,درام,1,10
زنجان,درسجین,2,17
زنجان,ده جلال,2,47
زنجان,زرین آباد,2,11
زنجان,زنجان,2,15
زنجان,سجاس,2,10
زنجان,سلطان آباد,2,50
زنجان,سلطانیه,2,52
زنجان,صائین,2,1
زنجان,صائین قلعه,2,2
زنجان,قیدار,2,41
زنجان,گرماب ,3,11
زنجان,گیلوان,1,44
زنجان,ماه نشان,2,7
زنجان,مشمپا,2,46
زنجان,میمون دره,2,86
زنجان,هیدج,2,23
سمنان,آستانه,1,21
سمنان,ابر,2,38
سمنان,ابرسج,2,39
سمنان,امیرآباد,1,101
سمنان,ایوانکی,2,128
سمنان,بسطام,2,47
سمنان,بیارجمند,3,112
سمنان,ترود,2,12
سمنان,تویه,1,27
سمنان,جام,2,4
سمنان,چندآب,2,27
سمنان,دامغان,1,6
سمنان,دیباج,2,59
سمنان,دیزج,2,60
سمنان,رضوان,2,29
سمنان,زمان آباد,3,14
سمنان,سرخه,2,29
سمنان,سمنان,2,56
سمنان,شاهرود,2,9
سمنان,شهمیرزاد,1,38
سمنان,طرود,2,10
سمنان,طزره,1,11
سمنان,عباس آباد,2,2
سمنان,غیاث آباد,2,2
سمنان,فرومد,2,24
سمنان,قلعه شوکت ,2,29
سمنان,قلعه نو خراقان,2,32
سمنان,کلاته خیج,2,33
سمنان,گرمسار,2,15
سمنان,لاسجرد,2,4
سمنان,مجن,1,13
سمنان,معلمان,2,52
سمنان,مهدی شهر,1,70
سمنان,میامی,2,76
سمنان,نعیم آباد,1,20
سیستان وبلوچستان,ایرانشهر,2,118
سیستان وبلوچستان,بافتان,2,20
سیستان وبلوچستان,بزمان,3,43
سیستان وبلوچستان,بمپور,3,56
سیستان وبلوچستان,بنت,2,60
سیستان وبلوچستان,پلان,2,11
سیستان وبلوچستان,پیشین,2,20
سیستان وبلوچستان,جالق,2,3
سیستان وبلوچستان,چابهار,2,2
سیستان وبلوچستان,خاش,2,4
سیستان وبلوچستان,دوست محمد,2,43
سیستان وبلوچستان,راسک,2,7
سیستان وبلوچستان,زابل,2,1
سیستان وبلوچستان,زابلی,2,2
سیستان وبلوچستان,زاهدان,2,7
سیستان وبلوچستان,زهک,2,22
سیستان وبلوچستان,سبزگز,2,6
سیستان وبلوچستان,سراوان,2,17
سیستان وبلوچستان,سرباز,2,19
سیستان وبلوچستان,سفیدابه,2,46
سیستان وبلوچستان,سوران,2,64
سیستان وبلوچستان,سیب سوران,2,80
سیستان وبلوچستان,فنوج,2,33
سیستان وبلوچستان,قصر قند,2,22
سیستان وبلوچستان,کنارک,2,49
سیستان وبلوچستان,کوهک,2,70
سیستان وبلوچستان,گشت,2,18
سیستان وبلوچستان,گواتر,2,33
سیستان وبلوچستان,گورناگان,2,34
سیستان وبلوچستان,محمد آباد,2,19
سیستان وبلوچستان,میرجاوه,2,82
سیستان وبلوچستان,نصرت آباد,2,17
سیستان وبلوچستان,نیک شهر,2,50
فارس,آباده,2,5
فارس,آباده طشک,3,6
فارس,اردکان,2,54
فارس,ارسنجان,3,57
فارس,استهبان,2,66
فارس,اسلام آباد,2,75
فارس,اشکنان,2,84
فارس,اقلید,2,90
فارس,اوز,2,112
فارس,ایج,2,116
فارس,ایزد خواست,2,119
فارس,باب انار,2,1
فارس,بابا منیر,2,4
فارس,بالاده,2,23
فارس,بایگان,2,28
فارس,ببرم,2,117
فارس,بنارویه,2,59
فارس,بهرستان,2,107
فارس,بهمن,2,110
فارس,بوانات,2,91
فارس,جنت شهر,2,13
فارس,جهرم,2,27
فارس,جووکان,2,24
فارس,جویم,2,26
فارس,حاجی آباد,2,2
فارس,خان زینان,2,6
فارس,خاوران,2,8
فارس,خرامه,2,11
فارس,خشت,2,21
فارس,خنج,2,31
فارس,خور,2,38
فارس,داراب,2,1
فارس,دالین,2,5
فارس,درزوسایبان,2,16
فارس,دوبران,2,39
فارس,ذرات,2,1
فارس,رستاق,2,21
فارس,رمقان,2,33
فارس,رونیز,2,43
فارس,ریچی,2,46
فارس,زاهدشهر,2,6
فارس,زرقان,2,9
فارس,زنجیران,2,16
فارس,سپیدان,2,8
فارس,سده,3,12
فارس,سروستان,2,38
فارس,سعادت شهر,3,41
فارس,سوریان,2,67
فارس,سیدان,3,83
فارس,سیف آباد,2,88
فارس,سیوند,3,92
فارس,ششده,2,17
فارس,شیراز,2,40
فارس,صفاد,2,9
فارس,صفاشهر,2,11
فارس,علی آباد,2,12
فارس,عماده ده,2,14
فارس,فتح اباد,2,13
فارس,فداغ,2,14
فارس,فراشبند,2,17
فارس,فسا,2,30
فارس,فورک,2,34
فارس,فیروز آباد,2,40
فارس,قائمیه,2,2
فارس,قادر آباد,3,4
فارس,قصر قمشه,2,21
فارس,قطروئیه,2,24
فارس,قیر,2,42
فارس,قیروکارزین,2,43
فارس,کازرون,2,7
فارس,کره بس,2,24
فارس,کفترک,2,29
فارس,کنار تخته,2,48
فارس,کوار,2,54
فارس,کوره,2,57
فارس,گراش,2,7
فارس,گویم,2,38
فارس,لار,2,2
فارس,لامرد,2,8
فارس,مرودشت,2,35
فارس,مصیری,2,50
فارس,مهارلو,2,69
فارس,مهر,2,71
فارس,میمند,2,84
فارس,نرگس زار,2,12
فارس,نورآباد ممسنی,2,36
فارس,نیریز,2,48
فارس,هنگام,2,19
قزوین,آبرم,2,9
قزوین,آبگرم,2,11
قزوین,آبیک,1,13
قزوین,آقا بابا,1,29
قزوین,آلولک,1,31
قزوین,آوج,2,35
قزوین,اسفرورین,1,72
قزوین,اقبالیه,1,89
قزوین,الوند,1,94
قزوین,بک کندی,2,51
قزوین,بوئین زهرا,1,88
قزوین,بیدستان,1,115
قزوین,تاکستان,2,4
قزوین,چنگوره,2,28
قزوین,خرمدشت,2,15
قزوین,دانسفهان,1,7
قزوین,رزجرد,1,19
قزوین,رستم آباد,1,22
قزوین,زوارک,1,20
قزوین,زیبا شهر,1,25
قزوین,سیردان,2,86
قزوین,شال,1,3
قزوین,ضیاء آباد,2,1
قزوین,قزوین,1,17
قزوین,قسطین لار,1,18
قزوین,کهک,1,76
قزوین,محمدیه,1,22
قزوین,محمود آباد نمونه,1,24
قزوین,معلم کلایه,1,51
قزوین,نهاوند,2,42
قزوین,نیکوئیه,2,51
قزوین,هجیب,1,4
قم,جعفریه,2,7
قم,سلفچگان,2,53
قم,قم,2,33
قم,قنوات,2,35
قم,کهک,2,75
قم,کوشک نصرت,2,61
قم,گازران,2,1
قم,وشنوه,2,9
کردستان,آرمرده,1,17
کردستان,بانه,1,26
کردستان,بوئین سفلی,2,89
کردستان,بیجار,3,114
کردستان,چناره,2,26
کردستان,خسروآباد,3,19
کردستان,دزج,2,26
کردستان,دگاگا,1,31
کردستان,دلبران,3,32
کردستان,دهگلان,2,56
کردستان,دهلان,2,57
کردستان,دیواندره,3,65
کردستان,سرو آباد,1,37
کردستان,سریش آباد,3,39
کردستان,سقز,2,47
کردستان,سنندج,2,62
کردستان,شویشه,2,31
کردستان,قروه,3,9
کردستان,کامیاران,1,12
کردستان,کانی سور,1,13
کردستان,کوانه,1,55
کردستان,مریوان,1,39
کردستان,نایی سر,2,6
کرمان,ابارق,2,37
کرمان,اختیارآباد,1,47
کرمان,ارزوئیه,2,56
کرمان,اسلام آباد,1,77
کرمان,انار,2,104
کرمان,اندوهجرد,1,108
کرمان,بابتنگل,1,5
کرمان,باغین,2,18
کرمان,بافت,2,19
کرمان,بردسیر,2,36
کرمان,بروات,2,39
کرمان,بلورد,3,54
کرمان,بم,2,55
کرمان,بها آباد,1,99
کرمان,بیاض,2,113
کرمان,پاریز,2,4
کرمان,پشت رود,2,9
کرمان,جوزم,2,19
کرمان,جوشان,1,20
کرمان,جیرفت,2,28
کرمان,چترود,1,7
کرمان,چشمه سبز,2,12
کرمان,حتکن,1,5
کرمان,حرجند,1,7
کرمان,حصن,2,12
کرمان,خانوک,1,7
کرمان,خواجه عسگر,2,34
کرمان,داوران,2,9
کرمان,دربهشت,2,12
کرمان,دشت خاک,1,29
کرمان,دهج,3,50
کرمان,رابر,2,2
کرمان,راور,2,12
کرمان,راین,2,14
کرمان,رفسنجان,2,32
کرمان,رودبار,2,36
کرمان,ریگان,3,48
کرمان,زرند,1,10
کرمان,زنی آباد,1,19
کرمان,زید آباد,3,26
کرمان,سعادت آباد,2,40
کرمان,سیرجان,1,84
کرمان,سیرچ,1,85
کرمان,شهداد,1,32
کرمان,شهر بابک,2,33
کرمان,صوغان,2,13
کرمان,طرز,1,7
کرمان,عنبر آباد,2,15
کرمان,فاریاب,2,9
کرمان,فهرج,3,37
کرمان,قطب آباد,2,23
کرمان,قلعه گنج,2,30
کرمان,کرمان,1,20
کرمان,کشکویه,2,28
کرمان,کهنوج,2,77
کرمان,کوشک علیا,2,60
کرمان,کوهبنان,1,65
کرمان,کیانشهر,1,4
کرمان,گلباف,1,21
کرمان,گیسک,1,41
کرمان,لاله زار,2,6
کرمان,ماهان,1,8
کرمان,محمد آباد,3,20
کرمان,محمد آباد مسکون,2,16
کرمان,مس سرچشمه,2,40
کرمان,منوجان,2,63
کرمان,میچ,2,81
کرمان,نجف شهر,3,8
کرمان,نودژ,2,31
کرمان,هجدک,1,3
کرمان,هینمان,1,25
کرمان,یزدان شهر,2,5
کرمانشاه,آران,1,16
کرمانشاه,ارمنیجان,1,60
کرمانشاه,اسلام آباد غرب,2,78
کرمانشاه,بان مزاران,2,25
کرمانشاه,بیستون,2,118
کرمانشاه,پاوه,2,6
کرمانشاه,تازه آباد,2,1
کرمانشاه,ثلاث باباجانی,2,1
کرمانشاه,جوانرود,2,17
کرمانشاه,چنار,2,23
کرمانشاه,حمیل,2,17
کرمانشاه,دینور,1,64
کرمانشاه,روانسر,2,34
کرمانشاه,سراب نیلوفر,2,16
کرمانشاه,سریل ذهاب,2,23
کرمانشاه,سنقر,2,60
کرمانشاه,سومار,3,72
کرمانشاه,صحنه,1,8
کرمانشاه,قصر شیرین,2,20
کرمانشاه,کرمانشاه,2,21
کرمانشاه,کرند,2,22
کرمانشاه,کنگاور,1,2
کرمانشاه,کنگاور,1,53
کرمانشاه,گهواره,2,39
کرمانشاه,گیلانغرب,2,43
کرمانشاه,لنجاب,1,13
کرمانشاه,ماهیدشت,2,10
کرمانشاه,نوسود,2,37
کرمانشاه,نوکان,2,41
کرمانشاه,هرسین,2,6
کهکیلویه و بویراحمد,آرو,2,18
کهکیلویه و بویراحمد,باباکلان,2,3
کهکیلویه و بویراحمد,باشت,2,12
کهکیلویه و بویراحمد,باغچه جلیل,2,15
کهکیلویه و بویراحمد,بهمئی,2,109
کهکیلویه و بویراحمد,پاتاوه,2,1
کهکیلویه و بویراحمد,تلگرد,2,18
کهکیلویه و بویراحمد,چرام,2,9
کهکیلویه و بویراحمد,دهدشت,2,52
کهکیلویه و بویراحمد,دوگنبدان,2,44
کهکیلویه و بویراحمد,سوق,2,70
کهکیلویه و بویراحمد,سی سخت,2,76
کهکیلویه و بویراحمد,کاکان,2,10
کهکیلویه و بویراحمد,لنده,2,14
کهکیلویه و بویراحمد,لیکک,2,21
کهکیلویه و بویراحمد,مارگون,2,1
کهکیلویه و بویراحمد,میمند,2,85
کهکیلویه و بویراحمد,یاسوج,2,1
گلستان,آزادشهر,2,19
گلستان,آق بند,2,27
گلستان,آق قلا,2,28
گلستان,انبارآلوم,2,106
گلستان,اینچه برون,2,126
گلستان,بندر ترکمن,2,72
گلستان,بندر گز,2,81
گلستان,بندرترکمن,2,63
گلستان,چهارباغ,2,32
گلستان,خان ببین,2,5
گلستان,دلند,2,33
گلستان,رامیان,2,11
گلستان,سرخنکلاته,2,27
گلستان,سیمین شهر,2,91
گلستان,علی آباد,2,13
گلستان,فارسیان,2,2
گلستان,فاضل آباد,2,10
گلستان,قپان علیا,2,6
گلستان,قزلر,2,15
گلستان,کردکوی,2,18
گلستان,کرند,2,23
گلستان,کلاله,2,37
گلستان,گالیکش,2,2
گلستان,گرگان,2,9
گلستان,گمیش تپه,2,25
گلستان,گمیشان ,2,26
گلستان,گنبد کاووس,2,29
گلستان,مراوه تپه,2,27
گلستان,مینودشت,2,89
گلستان,نگین شهر,2,26
گلستان,نوکنده,2,29
گیلان,آستارا,2,20
گیلان,آستانه اشرفیه,2,22
گیلان,املش,2,99
گیلان,بندر انزلی,2,71
گیلان,بندر کیاشهر,2,80
گیلان,تالش,2,5
گیلان,جیرنده,1,29
گیلان,چابکسر,2,1
گیلان,چوبر,2,30
گیلان,حویق,2,19
گیلان,خشکبیجار,2,22
گیلان,خمام,2,28
گیلان,دهکاء,2,55
گیلان,دیلمان,2,63
گیلان,رحیم آباد,2,18
گیلان,رشت,2,25
گیلان,رضوانشهر,2,30
گیلان,رودبار,1,37
گیلان,رودسر,2,38
گیلان,زیاز,2,24
گیلان,سنر,2,59
گیلان,سیاهکل,2,78
گیلان,شفت,2,19
گیلان,شلمان,2,20
گیلان,صومعه سرا,2,15
گیلان,فومن,2,36
گیلان,کلاچای,2,34
گیلان,کوچصفهان,2,62
گیلان,کومله,2,64
گیلان,کیاشهر,2,82
گیلان,گشت,2,19
گیلان,لنگرود,2,15
گیلان,لوشان,1,17
گیلان,لوندویل,2,19
گیلان,ماسال ,2,2
گیلان,ماسوله,1,4
گیلان,مرجقل,2,28
گیلان,منجیل,1,61
لرستان,ازنا,1,64
لرستان,اشترینان,1,81
لرستان,الشتر,2,92
لرستان,الیگودرز,2,96
لرستان,بروجرد,1,40
لرستان,پلدختر,3,12
لرستان,تنگ آبسرد,1,25
لرستان,چالان چولان,1,4
لرستان,چغلوندی,2,14
لرستان,چمشک,2,19
لرستان,خرم آباد,2,12
لرستان,درب آستانه,1,11
لرستان,درمره,2,19
لرستان,دره اسبر,1,23
لرستان,درود,1,20
لرستان,دورود,1,41
لرستان,روستای ازنا,1,41
لرستان,زارم,1,4
لرستان,سپید دشت,2,9
لرستان,شول آباد,2,30
لرستان,کوهدشت,3,67
لرستان,ماءمون,2,11
لرستان,ماسور,2,3
لرستان,معمولان,2,53
لرستان,نور آباد,1,35
مازندران,آلاشت,2,30
مازندران,آمل,2,32
مازندران,اروست,2,61
مازندران,اسطلخ پشت,2,69
مازندران,امیرکلا,2,102
مازندران,ایزد شهر,2,120
مازندران,بابل,2,6
مازندران,بابلسر,2,7
مازندران,بایجان,1,27
مازندران,بلده,2,53
مازندران,بهشر,2,108
مازندران,بهمنمیر,2,111
مازندران,پل سفید,2,10
مازندران,پلور,1,14
مازندران,پول,2,15
مازندران,تنکابن,2,23
مازندران,جویبار,2,25
مازندران,چالوس,2,5
مازندران,چمستان,2,18
مازندران,حسن کیف,2,9
مازندران,خرم آباد,2,13
مازندران,خلیل شهر,2,27
مازندران,دو آب,2,38
مازندران,رئیس کلا,2,1
مازندران,رامسر,2,8
مازندران,رستمکلا,2,23
مازندران,رویان,2,44
مازندران,زیر آب,2,27
مازندران,ساری,2,1
مازندران,سرخرود,2,25
مازندران,سلمان شهر,2,55
مازندران,سورک,2,66
مازندران,سیاه بیشه,1,77
مازندران,سید کلاء,2,82
مازندران,شاه زید,2,5
مازندران,شیرگاه,2,42
مازندران,عباس آباد,2,3
مازندران,فریدون کنار,2,28
مازندران,فیروزآباد,2,41
مازندران,قائم شهر,2,1
مازندران,کتالم و سادات شهر,2,15
مازندران,کلار آباد,2,35
مازندران,کلاردشت,2,36
مازندران,کیاسر,2,81
مازندران,کیاکلا,2,83
مازندران,گتاب,2,4
مازندران,گزنک,1,17
مازندران,محمد آباد,2,18
مازندران,محمود آباد,2,23
مازندران,مرزن آباد,2,32
مازندران,ناحیه,1,2
مازندران,نکاء,2,25
مازندران,نوذر آباد,2,33
مازندران,نور,2,34
مازندران,نوشهر,2,39
مازندران,وانا,1,2
مازندران,یانه سر,2,3
مرکزی,آشتیان,2,24
مرکزی,اراک,3,48
مرکزی,اسفندان,3,73
مرکزی,پرندک,2,8
مرکزی,تفرش,2,16
مرکزی,جاورسیان,3,5
مرکزی,جفتان,2,9
مرکزی,خمین,3,29
مرکزی,خنداب,3,32
مرکزی,داودآباد,3,8
مرکزی,دلیجان,2,35
مرکزی,رازقان,2,5
مرکزی,راوه,2,13
مرکزی,زاویه,2,5
مرکزی,ساوه,2,5
مرکزی,سنجان,3,58
مرکزی,شازند,3,2
مرکزی,عضدیه,2,7
مرکزی,فرمهین,3,22
مرکزی,کرهرود,3,25
مرکزی,کمیجان,3,46
مرکزی,مامونیه,2,6
مرکزی,محلات,3,15
مرکزی,مهاجران,3,68
مرکزی,میلاجرد,3,83
مرکزی,نراق,2,11
مرکزی,نوبران,2,30
مرکزی,نیمور,3,53
هرمزگان,ابوموسی (بوم سوز),3,43
هرمزگان,احمدی,2,46
هرمزگان,بستک,2,46
هرمزگان,بندر جاسک,2,64
هرمزگان,بندر چارک,2,73
هرمزگان,بندر خمیر,2,74
هرمزگان,بندر عباس,2,67
هرمزگان,بندر لنگه,2,83
هرمزگان,بندرمقام,2,85
هرمزگان,پارسیان,2,3
هرمزگان,تخت,2,8
هرمزگان,تمبان,2,19
هرمزگان,تنب بزرگ,2,20
هرمزگان,تنب کوچک,2,22
هرمزگان,جاسک,2,2
هرمزگان,جناح,2,12
هرمزگان,چاه مسلم,2,6
هرمزگان,حاجی آباد,2,1
هرمزگان,حسن لنگی,2,10
هرمزگان,دهبارز,2,49
هرمزگان,رضوان,2,28
هرمزگان,رودان,2,35
هرمزگان,زیارت علی,2,23
هرمزگان,سرگز احمدی,2,35
هرمزگان,سوزا,2,68
هرمزگان,سیاهو,2,79
هرمزگان,سیری,3,75
هرمزگان,شمیل,2,22
هرمزگان,طبل,2,6
هرمزگان,فارغان,2,3
هرمزگان,فارور بزرگ,2,6
هرمزگان,فارور کوچک,2,7
هرمزگان,فین,2,46
هرمزگان,قشم,2,19
هرمزگان,کنگ,2,51
هرمزگان,کهورستان,2,80
هرمزگان,کیش,2,3
هرمزگان,گاوبندی,2,3
هرمزگان,گوهران,2,37
هرمزگان,لارک,2,3
هرمزگان,لاوان,2,9
هرمزگان,میناب,2,88
هرمزگان,نخل ناخدا,2,10
هرمزگان,هاشم اباد,2,2
هرمزگان,هرمز,2,7
هرمزگان,هندروابی,2,17
هرمزگان,هنگام,2,20
همدان,آجین,2,14
همدان,ازندریان,2,65
همدان,اسد آباد,2,67
همدان,بهار,2,102
همدان,بهار,2,103
همدان,تویسرکان,2,26
همدان,جورقان,2,18
همدان,رزن,2,20
همدان,شیرین سو,3,44
همدان,صالح آباد,2,5
همدان,فامنین,3,11
همدان,فیروزان,1,42
همدان,قروه در جزین,2,10
همدان,قهاوند,3,38
همدان,قهورد,3,40
همدان,کبودر آهنگ,3,14
همدان,کهنوش,2,78
همدان,گل تپه,3,20
همدان,گنبد,2,28
همدان,گیان,1,40
همدان,لالجین,3,5
همدان,مریانج,2,38
همدان,ملایر,2,58
همدان,نهاوند,1,43
همدان,همدان,2,16
یزد,ابرکوه,3,40
یزد,اردکان,3,53
یزد,اشکذر,3,83
یزد,بافق,2,21
یزد,بشکان,1,50
یزد,بهاباد,1,100
یزد,بهادران,3,101
یزد,تفت,3,15
یزد,حمیدیا,3,15
یزد,دهشیر,2,53
یزد,دیهوک,1,66
یزد,رباط پشت بادام,2,15
یزد,زار,3,3
یزد,ساغند,2,2
یزد,شاهدیه,3,7
یزد,طبس,1,6
یزد,عشق آباد,2,6
یزد,عقدا,2,9
یزد,مروست,2,36
یزد,ملا اسماعیل,2,54
یزد,مهر دشت,2,74
یزد,مهریز,3,75
یزد,میبد,3,80
یزد,نای بند,2,5
یزد,هرات,2,5
یزد,یزد,3,4
